Draht,Netz,Seite,Von X,Von Y,Nach X,Nach Y,Drahtlaenge mm inklusive 8 mm Zugabe
1,VCC,UNTEN verzinnt,3,3,3,5,13.1
2,VCC,UNTEN verzinnt,3,3,10,3,25.8
3,VCC,UNTEN verzinnt,3,5,3,21,48.6
4,VCC,UNTEN verzinnt,3,5,5,5,13.1
5,VCC,UNTEN verzinnt,3,21,3,22,10.5
6,VCC,UNTEN verzinnt,3,21,7,21,18.2
7,GND,UNTEN verzinnt,3,24,4,24,10.5
8,GND,UNTEN verzinnt,4,22,4,24,13.1
9,GND,UNTEN verzinnt,4,24,8,24,18.2
10,LED1_A,UNTEN verzinnt,5,9,5,12,15.6
11,C1,UNTEN verzinnt,6,12,6,15,15.6
12,C1,UNTEN verzinnt,6,15,6,17,13.1
13,C1,UNTEN verzinnt,6,15,12,15,23.2
14,B1,UNTEN verzinnt,7,16,7,17,10.5
15,B1,UNTEN verzinnt,7,16,14,16,25.8
16,VCC,OBEN isoliert,7,21,9,21,13.1
17,GND,UNTEN verzinnt,8,17,8,24,25.8
18,GND,UNTEN verzinnt,8,24,12,24,18.2
19,B2,UNTEN verzinnt,9,8,9,10,13.1
20,B2,UNTEN verzinnt,9,8,18,8,30.9
21,B2,UNTEN verzinnt,9,10,13,10,18.2
22,VCC,UNTEN verzinnt,9,21,10,21,10.5
23,VCC,UNTEN verzinnt,10,3,10,5,13.1
24,VCC,UNTEN verzinnt,10,3,18,3,28.3
25,B1,UNTEN verzinnt,10,9,14,9,18.2
26,VCC,UNTEN verzinnt,10,20,10,21,10.5
27,VCC,UNTEN verzinnt,10,20,19,20,30.9
28,GND,UNTEN verzinnt,12,21,12,24,15.6
29,GND,UNTEN verzinnt,12,24,20,24,28.3
30,B2,UNTEN verzinnt,13,10,13,15,20.7
31,B1,UNTEN verzinnt,14,9,14,16,25.8
32,B1,UNTEN verzinnt,14,16,19,16,20.7
33,VCC,UNTEN verzinnt,18,3,18,5,13.1
34,VCC,UNTEN verzinnt,18,3,23,3,20.7
35,B2,UNTEN verzinnt,18,8,18,9,10.5
36,B2,UNTEN verzinnt,18,8,25,8,25.8
37,C2,UNTEN verzinnt,18,14,18,15,10.5
38,C2,UNTEN verzinnt,18,14,24,14,23.2
39,B1,UNTEN verzinnt,19,15,19,16,10.5
40,VCC,UNTEN verzinnt,19,20,19,21,10.5
41,GND,UNTEN verzinnt,20,21,20,24,15.6
42,GND,UNTEN verzinnt,20,24,26,24,23.2
43,VCC,UNTEN verzinnt,23,3,23,5,13.1
44,VCC,UNTEN verzinnt,23,3,29,3,23.2
45,LED2_A,UNTEN verzinnt,23,9,23,12,15.6
46,C2,UNTEN verzinnt,24,12,24,14,13.1
47,C2,UNTEN verzinnt,24,14,24,17,15.6
48,B2,UNTEN verzinnt,25,8,25,17,30.9
49,GND,UNTEN verzinnt,26,17,26,24,25.8
50,GND,UNTEN verzinnt,26,24,29,24,15.6
