Bauteil,Pin,Netz,Lochspalte X,Lochreihe Y
J1,1,VCC,3.0,22.0
J1,2,GND,4.0,22.0
Q1,C,C1,6.0,17.0
Q1,B,B1,7.0,17.0
Q1,E,GND,8.0,17.0
Q2,C,C2,24.0,17.0
Q2,B,B2,25.0,17.0
Q2,E,GND,26.0,17.0
R1,1,VCC,5.0,5.0
R1,2,LED1_A,5.0,9.0
R2,1,VCC,23.0,5.0
R2,2,LED2_A,23.0,9.0
D1,A,LED1_A,5.0,12.0
D1,K,C1,6.0,12.0
D2,A,LED2_A,23.0,12.0
D2,K,C2,24.0,12.0
R3,1,VCC,10.0,5.0
R3,2,B1,10.0,9.0
R4,1,VCC,18.0,5.0
R4,2,B2,18.0,9.0
C1,1,C1,12.0,15.0
C1,2,B2,13.0,15.0
C2,1,C2,18.0,15.0
C2,2,B1,19.0,15.0
C3,1,VCC,10.0,21.0
C3,2,GND,12.0,21.0
C4,+,VCC,19.0,21.0
C4,-,GND,20.0,21.0
